{
  "activityBar.inactiveForeground": [
    "dark-idegrey-7",
    "light-idegrey-7"
  ],
  "activityBar.background": [
    "dark-idegrey-4",
    "light-idegrey-4"
  ],
  "kt.activityBar.dropUpBackground": [
    "dark-ideblue-4",
    "light-ideblue-2"
  ],
  "activityBar.dropBackground": [
    "dark-idegrey-5",
    "light-idegrey-5"
  ],
  "activityBar.dropShadow": [
    "",
    ""
  ],
  "activityBar.disableForeground": [
    "dark-idegrey-6",
    "light-idegrey-6"
  ],
  "activityBar.activeForeground": [
    "dark-idegrey-10",
    "light-idegrey-10"
  ],
  "activityBar.activeBorder": [
    "dark-ideblue-6",
    "light-ideblue-6"
  ],
  "activityBar.border": [
    "dark-idegrey-2",
    "light-idegrey-5"
  ],
  "activityBarBadge.foreground": [
    "dark-idegrey-10",
    "light-idegrey-1"
  ],
  "activityBarBadge.background": [
    "dark-ideblue-6",
    "light-ideblue-6"
  ]
}