{
  "editorGroup.border": [
    "dark-idegrey-5",
    "light-idegrey-5"
  ],
  "editorGroup.dropBackground": [
    "opacity(dark-idegrey-6,25)",
    "opacity(light-idegrey-6,25)"
  ],
  "editorGroupHeader.tabsBackground": [
    "dark-idegrey-3",
    "light-idegrey-3"
  ],
  "editorGroupHeader.tabsBorder": [
    "-",
    "-"
  ],
  "editorGroup.emptyBackground": [
    "dark-idegrey-1",
    "light-idegrey-1"
  ],
  "editorGroup.focusedEmptyBorder": [
    "-",
    "-"
  ],
  "tab.activeBackground": [
    "dark-idegrey-1",
    "light-idegrey-1"
  ],
  "tab.unfocusedActiveBackground": [
    "dark-idegrey-1",
    "light-idegrey-1"
  ],
  "tab.activeForeground": [
    "dark-idegrey-10",
    "light-idegrey-10"
  ],
  "tab.border": [
    "dark-idegrey-3",
    "light-idegrey-5"
  ],
  "tab.activeBorder": [
    "-",
    "-"
  ],
  "tab.unfocusedActiveBorder": [
    "-",
    "-"
  ],
  "tab.activeBorderTop": [
    "-",
    "-"
  ],
  "tab.unfocusedActiveBorderTop": [
    "-",
    "-"
  ],
  "tab.inactiveBackground": [
    "dark-idegrey-4",
    "light-idegrey-4"
  ],
  "tab.inactiveForeground": [
    "dark-idegrey-9",
    "light-idegrey-9"
  ],
  "tab.unfocusedActiveForeground": [
    "dark-idegrey-7",
    "light-idegrey-7"
  ],
  "tab.unfocusedInactiveForeground": [
    "dark-idegrey-7",
    "light-idegrey-7"
  ],
  "tab.hoverBackground": [
    "-",
    "-"
  ],
  "tab.unfocusedHoverBackground": [
    "-",
    "-"
  ],
  "tab.hoverBorder": [
    "-",
    "-"
  ],
  "tab.unfocusedHoverBorder": [
    "-",
    "-"
  ],
  "editor.background": [
    "dark-idegrey-1",
    "light-idegrey-1"
  ],
  "kt.editorBreadcrumb.borderDown": [
    "dark-idegrey-3",
    "light-idegrey-3"
  ],
  "kt.dirtyDot.foreground": [
    "dark-idegrey-7",
    "light-idegrey-7"
  ]
}