{
  "foreground": [
    "dark-idegrey-9",
    "light-idegrey-9"
  ],
  "descriptionForeground": [
    "dark-idegrey-7",
    "light-idegrey-7"
  ],
  "list.hoverBackground": [
    "opacity(dark-idegrey-6,25)",
    "opacity(light-idegrey-6,25)"
  ],
  "list.activeSelectionBackground": [
    "dark-ideblue-5",
    "light-ideblue-7"
  ],
  "list.activeSelectionForeground": [
    "dark-idegrey-10",
    "light-idegrey-1"
  ],
  "kt.whiteGhostButton.foreground": [
    "dark-idegrey-10",
    "light-idegrey-1"
  ],
  "kt.whiteGhostButton.border": [
    "dark-idegrey-10",
    "light-idegrey-1"
  ],
  "kt.primaryGhostButton.foreground": [
    "dark-ideblue-7",
    "light-ideblue-6"
  ],
  "kt.primaryGhostButton.border": [
    "dark-ideblue-7",
    "light-ideblue-6"
  ]
}