{
  "kt.select.foreground": [
    "dark-idegrey-9",
    "light-idegrey-9"
  ],
  "kt.select.background": [
    "opacity(black,25)",
    "light-idegrey-1"
  ],
  "kt.select.placeholderForeground": [
    "dark-idegrey-6",
    "light-idegrey-6"
  ],
  "kt.select.border": [
    "opacity(black,0)",
    "light-idegrey-5"
  ],
  "kt.selectOption.activeBorder": [
    "dark-ideblue-6",
    "light-ideblue-6"
  ],
  "kt.select.disableForeground": [
    "dark-idegrey-6",
    "light-idegrey-6"
  ],
  "kt.select.disableBackground": [
    "opacity(dark-idegrey-6,25)",
    "opacity(light-idegrey-6,25)"
  ],
  "kt.selectDropdown.foreground": [
    "dark-idegrey-9",
    "light-idegrey-9"
  ],
  "selectDropdown.descriptionForeground": [
    "dark-idegrey-7",
    "light-idegrey-7"
  ],
  "selectDropdown.teamForeground": [
    "dark-idegrey-7",
    "light-idegrey-7"
  ],
  "kt.selectDropdown.background": [
    "dark-idegrey-4",
    "light-idegrey-1"
  ],
  "kt.selectDropdown.hoverBackground": [
    "opacity(dark-idegrey-6,25)",
    "opacity(light-idegrey-6,25)"
  ],
  "kt.selectDropdown.selectionBackground": [
    "opacity(dark-ideblue-6,25)",
    "opacity(light-ideblue-4,25)"
  ],
  "selectDropdown.shadow": [
    "",
    ""
  ]
}