{
  "foreground": [
    "dark-idegrey-9",
    "light-idegrey-9"
  ],
  "sideBar.background": [
    "dark-idegrey-3",
    "light-idegrey-3"
  ],
  "sideBarTitle.foreground": [
    "dark-idegrey-10",
    "light-idegrey-10"
  ],
  "sideBar.border": [
    "dark-idegrey-2",
    "light-idegrey-5"
  ],
  "sideBarSectionHeader.foreground": [
    "dark-idegrey-10",
    "light-idegrey-10"
  ],
  "sideBarSectionHeader.background": [
    "dark-idegrey-5",
    "light-idegrey-5"
  ],
  "descriptionForeground": [
    "dark-idegrey-7",
    "light-idegrey-7"
  ],
  "badge.foreground": [
    "dark-idegrey-9",
    "light-idegrey-9"
  ],
  "badge.background": [
    "opacity(white,25)",
    "opacity(black,12)"
  ],
  "sideBarSectionHeader.upShadow": [
    "",
    ""
  ],
  "sideBarSectionHeader.downShadow": [
    "",
    ""
  ]
}