{
  "$schema": "vscode://schemas/color-theme",
  "name": "Light Default Colors",
  "colors": {
    "activityBar.activeBorder": "#1785EB",
    "activityBar.activeForeground": "#262626",
    "activityBar.background": "#ECECEC",
    "activityBar.border": "#E0E0E0",
    "activityBar.disableForeground": "#CCCCCC",
    "activityBar.dropBackground": "#E0E0E0",
    "activityBar.foreground": "#4D4D4D",
    "activityBar.inactiveForeground": "#999999",
    "activityBarBadge.background": "#1785EB",
    "activityBarBadge.foreground": "#FFFFFF",
    "badge.background": "#0000001F",
    "badge.foreground": "#4D4D4D",
    "checkbox.background": "#FFFFFF",
    "checkbox.border": "#E0E0E0",
    "descriptionForeground": "#999999",
    "diffEditor.insertedTextBackground": "#5CDBD340",
    "dirtyDot.foreground": "#999999",
    "editor.background": "#FFFFFF",
    "editor.findMatchHighlightBackground": "#FF9C6E40",
    "editorGroup.border": "#E0E0E0",
    "editorGroup.dropBackground": "#CCCCCC40",
    "editorGroup.emptyBackground": "#FFFFFF",
    "editorGroupHeader.tabsBackground": "#F2F2F2",
    "errorForeground": "#FFF1F0",
    "focusBorder": "#1785EB",
    "foreground": "#4D4D4D",
    "gitDecoration.addedResourceForeground": "#52C41A",
    "gitDecoration.conflictingResourceForeground": "",
    "gitDecoration.deletedResourceForeground": "#FA541C",
    "gitDecoration.ignoredResourceForeground": "#666666",
    "gitDecoration.modifiedResourceForeground": "#FAAD14",
    "gitDecoration.submoduleResourceForeground": "#1785EB",
    "gitDecoration.untrackedResourceForeground": "#13C2C2",
    "icon.foreground": "#4D4D4D",
    "input.background": "#FFFFFF",
    "input.foreground": "#4D4D4D",
    "input.placeholderForeground": "#CCCCCC",
    "inputDropdown.searchMatchForeground": "#1785EB",
    "inputIcon.foreground": "#CCCCCC",
    "inputValidation.errorBackground": "#FFF1F0",
    "inputValidation.errorBorder": "#F5222D",
    "inputValidation.errorForeground": "#4D4D4D",
    "inputValidation.errorText": "#FFF1F0",
    "inputValidation.warningBackground": "#FFFBE6",
    "inputValidation.warningBorder": "#FFC53D",
    "inputValidation.warningText": "#FFC53D",
    "keybinding.background": "#99999933",
    "kt.accentForeground": "#262626",
    "kt.actionbar.disableForeground": "#CCCCCC",
    "kt.actionbar.foreground": "#4D4D4D",
    "kt.actionbar.selectionBackground": "#E6F3FF",
    "kt.actionbar.selectionBorder": "#3D9CF5",
    "kt.actionbar.separatorBackground": "#CCCCCC40",
    "kt.activityBar.dropUpBackground": "#CCE7FF",
    "kt.button.disableBackground": "#CCCCCC40",
    "kt.button.disableBorder": "#CCCCCC80",
    "kt.button.disableForeground": "#CCCCCC",
    "kt.checkbox.disableBackground": "#CCCCCC40",
    "kt.checkbox.disableForeground": "#CCCCCC",
    "kt.checkbox.hoverBorder": "#1785EB",
    "kt.checkbox.selectionBackground": "#1785EB",
    "kt.checkbox.selectionForeground": "#FFFFFF",
    "kt.dangerButton.background": "#FF4D4F",
    "kt.dangerButton.clickBackground": "#F5222D",
    "kt.dangerButton.foreground": "#FFFFFF",
    "kt.dangerButton.hoverBackground": "#FF7875",
    "kt.dangerGhostButton.border": "#FF4D4F",
    "kt.dangerGhostButton.clickBorder": "#F5222D",
    "kt.dangerGhostButton.clickForeground": "#F5222D",
    "kt.dangerGhostButton.foreground": "#FF4D4F",
    "kt.dangerGhostButton.hoverBorder": "#FF7875",
    "kt.dangerGhostButton.hoverForeground": "#FF7875",
    "kt.defaultButton.background": "#FFFFFF",
    "kt.defaultButton.border": "#E0E0E0",
    "kt.defaultButton.clickBackground": "#FFFFFF",
    "kt.defaultButton.clickBorder": "#1785EB",
    "kt.defaultButton.disableBackground": "#CCCCCC40",
    "kt.defaultButton.disableBorder": "#CCCCCC80",
    "kt.defaultButton.disableForeground": "#CCCCCC",
    "kt.defaultButton.foreground": "#4D4D4D",
    "kt.defaultButton.hoverBackground": "#FFFFFF",
    "kt.defaultButton.hoverBorder": "#6EB6FA",
    "kt.defaultButton.selectionBackground": "#1785EB",
    "kt.defaultButton.selectionForeground": "#FFFFFF",
    "kt.dirtyDot.foreground": "#999999",
    "kt.disableForeground": "#CCCCCC",
    "kt.editorBreadcrumb.borderDown": "#F2F2F2",
    "kt.errorBackground": "#FF787540",
    "kt.errorIconForeground": "#FF4D4F",
    "kt.hintBackground": "#CCCCCC40",
    "kt.hintIconForeground": "#999999",
    "kt.icon.clickForeground": "#4D4D4D",
    "kt.icon.disableForeground": "#CCCCCC",
    "kt.icon.foreground": "#4D4D4D",
    "kt.icon.hoverBackground": "#E6F3FF",
    "kt.icon.hoverForeground": "#4D4D4D",
    "kt.icon.secondaryForeground": "#999999",
    "kt.infoBackground": "#6EB6FA40",
    "kt.infoIconForeground": "#3D9CF5",
    "kt.input.border": "#E0E0E0",
    "kt.input.disableBackground": "#CCCCCC40",
    "kt.input.disableForeground": "#CCCCCC",
    "kt.input.selectionBackground": "#CCE7FF",
    "kt.linkButton.clickForeground": "#0D75D6",
    "kt.linkButton.disableForeground": "#CCCCCC",
    "kt.linkButton.foreground": "#1785EB",
    "kt.linkButton.hoverForeground": "#3D9CF5",
    "kt.menu.descriptionForeground": "#999999",
    "kt.menu.disableForeground": "#CCCCCC",
    "kt.menubar.background": "#F2F2F2",
    "kt.menubar.border": "#E0E0E0",
    "kt.menubar.foreground": "#4D4D4D",
    "kt.menubar.separatorBackground": "#CCCCCC40",
    "kt.modal.background": "#FFFFFF",
    "kt.modal.foreground": "#4D4D4D",
    "kt.modal.separatorBackground": "#E0E0E0",
    "kt.modalErrorIcon.foreground": "#F5222D",
    "kt.modalInfoIcon.foreground": "#1785EB",
    "kt.modalSuccessIcon.foreground": "#52C41A",
    "kt.modalWarningIcon.foreground": "#FAAD14",
    "kt.panel.secondaryForeground": "#999999",
    "kt.panelTab.activeBackground": "#FFFFFF",
    "kt.panelTab.activeForeground": "#262626",
    "kt.panelTab.border": "#E0E0E0",
    "kt.panelTab.inactiveBackground": "#F2F2F2",
    "kt.panelTab.inactiveForeground": "#4D4D4D",
    "kt.panelTitle.background": "#F2F2F2",
    "kt.popover.background": "#FFFFFF",
    "kt.popover.border": "#E0E0E0",
    "kt.popover.foreground": "#4D4D4D",
    "kt.popover.prominentBackground": "#F2F2F2",
    "kt.primaryButton.background": "#1785EB",
    "kt.primaryButton.clickBackground": "#0D75D6",
    "kt.primaryButton.foreground": "#FFFFFF",
    "kt.primaryButton.hoverBackground": "#3D9CF5",
    "kt.primaryGhostButton.border": "#1785EB",
    "kt.primaryGhostButton.clickBorder": "#0D75D6",
    "kt.primaryGhostButton.clickForeground": "#0D75D6",
    "kt.primaryGhostButton.foreground": "#1785EB",
    "kt.secondaryButton.border": "#E0E0E0",
    "kt.secondaryButton.clickBorder": "#1785EB",
    "kt.secondaryButton.clickForeground": "#1785EB",
    "kt.secondaryButton.foreground": "#4D4D4D",
    "kt.secondaryButton.hoverBorder": "#6EB6FA",
    "kt.secondaryButton.hoverForeground": "#6EB6FA",
    "kt.select.background": "#FFFFFF",
    "kt.select.border": "#E0E0E0",
    "kt.select.disableBackground": "#CCCCCC40",
    "kt.select.disableForeground": "#CCCCCC",
    "kt.select.foreground": "#4D4D4D",
    "kt.select.placeholderForeground": "#CCCCCC",
    "kt.selectDropdown.background": "#FFFFFF",
    "kt.selectDropdown.foreground": "#4D4D4D",
    "kt.selectDropdown.hoverBackground": "#CCCCCC40",
    "kt.selectDropdown.selectionBackground": "#6EB6FA40",
    "kt.selectOption.activeBorder": "#1785EB",
    "kt.statusbar.offline.background": "#F5222D",
    "kt.successBackground": "#95DE6440",
    "kt.successIconForeground": "#73D13D",
    "kt.tab.activeBorder": "#1785EB",
    "kt.tab.activeForeground": "#262626",
    "kt.tab.borderDown": "#CCCCCC40",
    "kt.tab.inactiveForeground": "#4D4D4D",
    "kt.tree.activeSelectionBackground": "#0D75D6",
    "kt.tree.activeSelectionForeground": "#FFFFFF",
    "kt.tree.hoverBackground": "#CCCCCC40",
    "kt.tree.inactiveSelectionBackground": "#6EB6FA40",
    "kt.tree.inactiveSelectionForeground": "#4D4D4D",
    "kt.warningBackground": "#FFD66640",
    "kt.warningIconForeground": "#FFC53D",
    "kt.whiteGhostButton.border": "#FFFFFF",
    "kt.whiteGhostButton.clickBorder": "#000000A6",
    "kt.whiteGhostButton.clickForeground": "#000000A6",
    "kt.whiteGhostButton.disableBackground": "#00000003",
    "kt.whiteGhostButton.disableBorder": "#00000040",
    "kt.whiteGhostButton.disableForeground": "#00000040",
    "kt.whiteGhostButton.foreground": "#FFFFFF",
    "list.activeSelectionBackground": "#0D75D6",
    "list.activeSelectionForeground": "#FFFFFF",
    "list.evenItemBackground": "#99999914",
    "list.headerBackground": "#9999991F",
    "list.hoverBackground": "#CCCCCC40",
    "menu.background": "#FFFFFF",
    "menu.foreground": "#4D4D4D",
    "menu.selectionBackground": "#CCCCCC40",
    "menu.selectionForeground": "#262626",
    "menu.separatorBackground": "#E0E0E0",
    "menubar.selectionBackground": "#E0E0E0",
    "menubar.selectionForeground": "#262626",
    "message.background": "#FFFFFF",
    "message.foreground": "#4D4D4D",
    "messageErrorIcon.foreground": "#F5222D",
    "messageInfoIcon.foreground": "#1785EB",
    "messageSuccessIcon.foreground": "#52C41A",
    "messageWarningIcon.foreground": "#FAAD14",
    "notifications.background": "#FFFFFF",
    "notifications.foreground": "#4D4D4D",
    "notificationsErrorIcon.foreground": "#F5222D",
    "notificationsInfoIcon.foreground": "#1785EB",
    "notificationsWarningIcon.foreground": "#FAAD14",
    "panel.background": "#FFFFFF",
    "panel.border": "#E0E0E0",
    "panel.foreground": "#4D4D4D",
    "panel.selectionBackground": "#CCCCCC40",
    "panel.separatorBackground": "#F2F2F2",
    "panelMenuBadge.background": "#FFFFFF",
    "panelMenuBar.background": "#F2F2F2",
    "panelMenuBarBadge.foreground": "#CCCCCC40",
    "panelTabBarActionIcon.Background": "#999999",
    "panelTabBarError.foreground": "#F5222D",
    "panelTitle.activeBorder": "#1785EB",
    "panelTitle.activeForeground": "#262626",
    "panelTitle.hoverForeground": "#262626",
    "panelTitle.inactiveForeground": "#4D4D4D",
    "selectDropdown.descriptionForeground": "#999999",
    "selectDropdown.teamForeground": "#999999",
    "sideBar.background": "#F2F2F2",
    "sideBar.border": "#E0E0E0",
    "sideBar.dropBackground": "#E0E0E0",
    "sideBar.dropUpBackground": "#CCE7FF",
    "sideBarSectionHeader.background": "#E0E0E0",
    "sideBarSectionHeader.foreground": "#262626",
    "sideBarTitle.foreground": "#262626",
    "statusBar.background": "#262626",
    "statusBar.debuggingBackground": "#FA8C16",
    "statusBar.foreground": "#FFFFFF",
    "statusBar.noFolderBackground": "#4D4D4D",
    "statusBarItem.activeBackground": "#00000040",
    "statusBarItem.hoverBackground": "#00000003",
    "statusBarItem.remoteBackground": "#722ED1",
    "tab.activeBackground": "#FFFFFF",
    "tab.activeForeground": "#262626",
    "tab.border": "#E0E0E0",
    "tab.inactiveBackground": "#ECECEC",
    "tab.inactiveForeground": "#4D4D4D",
    "tab.unfocusedActiveBackground": "#FFFFFF",
    "tab.unfocusedActiveForeground": "#999999",
    "tab.unfocusedInactiveForeground": "#999999",
    "terminal.background": "#FFFFFF",
    "terminal.border": "#E0E0E0",
    "terminal.foreground": "#4D4D4D",
    "terminal.offlineBackground": "#FF787540",
    "terminal.offlineForeground": "#999999",
    "terminal.offlineLinkForeground": "#1785EB",
    "terminal.selectionBackground": "#CCCCCC40",
    "tooltip.background": "#FFFFFF",
    "tooltip.foreground": "#4D4D4D",
    "tree.foreground": "#4D4D4D",
    "tree.hoverBackground": "#CCCCCC40",
    "tree.hoverForeground": "#4D4D4D",
    "tree.secondaryForeground": "#999999",
    "tree.selectionBackground": "#0D75D6",
    "treeIcon.foreground": "#4D4D4D",
    "widget.shadow": "#CCCCCC"
  }
}